"id","site","job_url","job_url_direct","title","company","location","date_posted","job_type","salary_source","interval","min_amount","max_amount","currency","is_remote","job_level","job_function","listing_type","emails","description","company_industry","company_url","company_logo","company_url_direct","company_addresses","company_num_employees","company_revenue","company_description","skills","experience_range","company_rating","company_reviews_count","vacancy_count","work_from_home_type"
"li-4344803773","linkedin","https://www.linkedin.com/jobs/view/4344803773","https://careers.wbd.com/global/en/job/WAMEGLOBALR000096161EXTERNALENGLOBAL/Software-Developer-II?utm_source=linkedin&utm_medium=phenom-feeds&urlHash=ENIN","Software Developer II","CNN","Kanata, Ontario, Canada","2025-12-18","fulltime","","","","","",False,"entry level","Engineering and Information Technology","","","***Welcome to Warner Bros. Discovery… the stuff dreams are made of.***








**Who We Are…**





 When we say, “the stuff dreams are made of,” we’re not just referring to the world of wizards, dragons and superheroes, or even to the wonders of Planet Earth. Behind WBD’s vast portfolio of iconic content and beloved brands, are the
 *storytellers* 
 bringing our characters to life, the
 *creators* 
 bringing them to your living rooms and the
 *dreamers* 
 creating what’s next…
 









 From brilliant creatives, to technology trailblazers, across the globe, WBD offers career defining opportunities, thoughtfully curated benefits, and the tools to explore and grow into your best selves. Here you are supported, here you are celebrated, here you can thrive.
 








 We are the now and the next. The power behind the people building the future. We are born from the spirit of innovation. We are created from the idea that people around the world want more, need more, deserve more. We are the home of the global digital revolution. We are CNN.
 








 To see what it’s like to work at CNN, follow @WBDLife on 
 
 Instagram
 
  and 
 
 X
 
 !
 







**About the Job** 
  
 
 We are searching for an iOS Software Engineer to join the CNN Mobile Engineering Team. They are an individual contributor, self\\-directed, able to work with minimal supervision, and is typically expected to take on the difficult technical challenges. The Engineer will contribute to the technical direction, supporting the Principal Engineers/Architects and Senior Engineers in defining the technology strategy and implementation. We need our engineers to be versatile and always eager to tackle new problems while working in a fun, collaborative and fast\\-paced environment.  
 







 The iOS Software Engineer contributes to mobile technology strategy, architecture, best practices, and choice of tools and technology stack across Android app platforms, supporting mobile backend APIs, mobile CI/CD tools, and testing automation.  The ensure technical execution and release of CNN’s mobile apps to end consumers.  He/she partners with Product, Design and Delivery Leaders to help teams deliver on product initiatives and operational execution. 
 



  


**About the Team** 
  
 



 This is a great opportunity for an individual that is passionate about building mobile apps for News audiences.  Our team builds innovative and creative user experiences taking advantage of the latest features and technologies that CNN has to offer. 
 



  
 



  


**The Daily** 
  
 


* Build intuitive, simple and elegantly designed mobile apps that people want to use


* Provide support and development of software tools and procedures to extend and enhance the core production pipeline


* Work with multiple departments, including Product, Design, Delivery, Editorial and Engineering to implement CNN Digital consumer experience solutions and apps


* Assist with troubleshooting production problems, root cause analysis, and debugging


* Development and maintenance of existing production systems supporting CNN’s digital ecosystem


* Ensure software development follows industry best practices, policies and guidelines.  Specifically, ensuring that technical solutions are in line with established CNN Digital strategy, standards in respect to architecture, security, corporate governance, coding standards, monitoring, logging, unit test, and service enablement



  


**The Essentials** 
  
 


* BS/MS in computer science (or equivalent)


* Demonstrated advanced understanding of troubleshooting, root\\-cause analysis, application design, solution development, human factors/usability design, and implementation of projects for major business units or the enterprise


* Minimum 2 years professional development environment


* Strong foundation in programming fundamentals such as data structures and algorithms


* Ability to develop new and innovative applications as well as maintaining existing code


* Demonstrated full\\-mobile stack development experience with mobile native clients, SDKs, and APIs (Swift/Objective\\-C, SwiftUI, iOS platform).


* Demonstrated expert knowledge of software development methodologies, practices, and architecture, specifically experience architecting performant, scalable, and secure mobile apps.


* Hands\\-on experience with mobile DevOps CI/CD tools and implementing best practices, including automation of deployment, code signing tools and automated tests.  Preferred familiarity with Git and Bitrise.


* Ability to communicate effectively, both written and verbal, with technical and non\\-technical cross\\-functional teams


* Experience building flexible software architecture to accommodate shifting business needs







  


**The Nice to Haves** 
  
 


* Knowledge of Cloud Computing platforms such as Amazon AWS


* General familiarity with database technologies (SQL/RDBMS, NoSQL, GraphDB, etc.)















 On June 9, 2025, Warner Bros. Discovery announced plans to separate into two publicly traded companies, Warner Bros. and Discovery Global, with an expected completion in mid\\-2026\\. For more details, including leadership appointments and information on individual brands, please visit our newsroom here. Although you will be hired by Warner Bros. Discovery, upon the planned separation in 2026, your employment likely will transition to Discovery Global. During this period of transformation, you’ll have an exciting opportunity to lay the foundation at one of the world’s premier entertainment brands.
 















  


**How We Get Things Done…**









 This last bit is probably the most important! Here at WBD, our guiding principles are the core values by which we operate and are central to how we get things done. You can find them at
 

















 www.wbd.com/guiding\\-principles/
 

















 along with some insights from the team on what they mean and how they show up in their day to day. We hope they resonate with you and look forward to discussing them during your interview.
 








**Championing Inclusion at WBD**



 Warner Bros. Discovery embraces the opportunity to build a workforce that reflects a wide array of perspectives, backgrounds and experiences. Being an equal opportunity employer means that we take seriously our responsibility to consider qualified candidates on the basis of merit, without regard to race, color, religion, national origin, gender, sexual orientation, gender identity or expression, age, mental or physical disability, and genetic information, marital status, citizenship status, military status, protected veteran status or any other category protected by law.
 









 If you’re a qualified candidate with a disability and you require adjustments or accommodations during the job application and/or recruitment process, please visit our
 
 accessibility page
 
 for instructions to submit your request.","Broadcast Media Production and Distribution","https://www.linkedin.com/company/cnn","https://media.licdn.com/dms/image/v2/C4D0BAQEHgYOkitwp1w/company-logo_100_100/company-logo_100_100/0/1631315246531?e=2147483647&v=beta&t=Xq4Q5pHePeL4uU0TW2irrtj_YRR8_KYz-yEr9xFe8OU","","","","","","","","","","",""
"li-4316664074","linkedin","https://www.linkedin.com/jobs/view/4316664074","https://ciena.wd5.myworkdayjobs.com/en-US/Careers/job/Ottawa/Front-End-Software-Developer_R029240-1?source=LinkedIn+Job+Advertisement&urlHash=IIjw","Front End Software Developer","Ciena","Ottawa, Ontario, Canada","2025-12-18","fulltime","","","","","",False,"mid-senior level","Engineering and Information Technology","","","As the global leader in high\\-speed connectivity, Ciena is committed to a people\\-first approach. Our teams enjoy a culture focused on prioritizing a flexible work environment that empowers individual growth, well\\-being, and belonging. We’re a technology company that leads with our humanity—driving our business priorities alongside meaningful social, community, and societal impact.
   

  

 Are you passionate about building elegant, intuitive user interfaces? Do you enjoy tackling complex technical challenges and turning them into seamless user experiences? Ciena is seeking a talented Front End Software Developer to help design and build cutting\\-edge UI solutions that power some of the world’s largest network and content providers. As part of our team, you’ll work on a modern, industry\\-leading UI stack to deliver high\\-impact applications that enable intelligent, AI\\-driven network management at scale.
   

  

**How You Will Contribute**
* Design and develop scalable libraries of reusable and maintainable UI components using modern front\\-end technologies such as JavaScript, TypeScript, React, Ember.js, and Web Components.
* Collaborate with UX designers, product managers, and backend engineers to deliver integrated and seamless solutions.
* Drive continuous improvement through refactoring, optimizing performance, and rapid iteration to maintain a clean, efficient, and scalable codebase.
* Contribute to technical planning, open discussions, and code reviews, fostering the evolution of architecture and best practices.
* Implement APIs and user interfaces to meet usability and performance requirements.
* Utilize tools such as Vite, Webpack, Rollup, and Babel for debugging, extending, and optimizing configurations.
* Ensure consistency and scalability across applications by building and maintaining design systems and reusable component libraries.


**The Must Haves**
* Proficiency in ES2021\\+, TypeScript, Node.js, React, and Ember.js.
* 5\\+ years of industry experience in front\\-end development.
* Experience building complex, reusable UI components using frameworks such as React, Ember.js, Angular, or Web Components.
* Practical expertise with dependency and package management tools like npm, pnpm, yarn, and monorepos, including package publishing and semantic versioning.
* Proven ability to design APIs and deliver user interfaces that meet usability and performance requirements.
* Proficiency with REST and WebSockets.
* Minimum B.S. degree in Computer Science, Engineering, or related field.


**Nice to Haves**
* Deep knowledge of framework internals, with expertise in interoperability and migration strategies between frameworks such as React, Ember.js, Web Components, and Angular.
* Familiarity with distributed systems, networked environments, or hardware\\-adjacent domains.
* Experience building user interfaces for infrastructure management, topology visualization, or real\\-time data processing.
* Knowledge of SSE, Web Workers, and service workers.
* Practical experience working with real\\-time data visualization and complex datasets.
* Strong problem\\-solving skills, with an ability to analyze trade\\-offs and design scalable solutions in production environments.
* Interest in contributing to the evolution of modern front\\-end stacks through innovation and experimentation.


**Pay Range**
 The salary range for this position is $93,300\\.00 \\- $153,900\\.00 per year, depending on experience and qualifications.
   

  

 Pay ranges at Ciena are designed to accommodate variations in knowledge, skills, experience, market conditions, and locations, reflecting our diverse products, industries, and lines of business. Please note that the pay range information provided in this posting pertains specifically to the primary location, which is the top location listed in case multiple locations are available.
   

  

 Non\\-Sales employees may be eligible for a discretionary incentive bonus, while Sales employees may be eligible for a sales commission. In addition to competitive compensation, Ciena offers a comprehensive benefits package, including medical, dental, and vision plans, participation in 401(K) (USA) \\& DCPP (Canada) with company matching, Employee Stock Purchase Program (ESPP), Employee Assistance Program (EAP), company\\-paid holidays, paid sick leave, and vacation time. We also comply with all applicable laws regarding Paid Family Leave and other leaves of absence.
   

  

**Not ready to apply?** 
 Join our Talent Community to get relevant job alerts straight to your inbox.
   

  

 At Ciena, we are committed to building and fostering an environment in which our employees feel respected, valued, and heard. Ciena values the diversity of its workforce and respects its employees as individuals. We do not tolerate any form of discrimination.
   

  

 Ciena is an Equal Opportunity Employer, including disability and protected veteran status.
   

  

 If contacted in relation to a job opportunity, please advise Ciena of any accommodation measures you may require.","Telecommunications","https://www.linkedin.com/company/ciena","https://media.licdn.com/dms/image/v2/D560BAQGSAQqJoMAxqg/company-logo_100_100/company-logo_100_100/0/1696872327479/ciena_logo?e=2147483647&v=beta&t=0PvtUK3Akr5UMEE_EPVaRpeEB2MpZ-LIKu_KVLCR0SI","","","","","","","","","","",""
"li-4344614211","linkedin","https://www.linkedin.com/jobs/view/4344614211","","Junior Software Developer - Observability","Canonical","Gatineau, Quebec, Canada","2025-12-18","fulltime","","","","","",True,"entry level","Engineering and Information Technology","","","Canonical is a leading provider of open source software and operating systems to the global enterprise and technology markets. Our platform, Ubuntu, is very widely used in breakthrough enterprise initiatives such as public cloud, data science, AI, engineering innovation, and IoT. Our customers include the world's leading public cloud and silicon providers, and industry leaders in many sectors. The company is a pioneer of global distributed collaboration, with 1200\\+ colleagues in 75\\+ countries and very few office\\-based roles. Teams meet two to four times yearly in person, in interesting locations around the world, to align on strategy and execution.
   

  

 The company is founder\\-led, profitable, and growing.
   

  

 We are hiring a Junior developer with a proven track record in Python and/or Go. As part of the Observability team, you will develop a cloud\\-native monitoring stack that composes best\\-in\\-class open\\-source monitoring tools. The stack is opinionated, resilient, and scalable, providing deep insights out of the box. The user experience is polished and seamless for the end\\-users, and its administrators will enjoy smooth, lightweight Day 1 and Day 2 operations.
   

  

 This is an exciting opportunity for a software engineer passionate about open source software, Linux, Kubernetes, and Observability. Build a rewarding, meaningful career working with the best and brightest people in technology at Canonical, the growing international software company behind Ubuntu.
   

  

 The monitoring stack will monitor applications running on a mix of cloud technologies such as Kubernetes and OpenStack, as well as bare\\-metal, virtual machines and containers. The stack will be capable of monitoring applications and infrastructure irrespective of whether they are operated by Juju, and will leverage multiple data sources at various levels of the architecture, including Juju itself, to contextualize the collected telemetry and insights delivered to the end\\-users.
   

  

 You can read more about the project here and here.
   

  

**Location:** 
*This role will be based remotely in the EMEA and Americas regions*
 The role entails
   

  

* Collaborate proactively with a globally distributed team
* Write, test and document high quality code to create new features
* Debug issues and interact with a vibrant community
* Review code produced by other engineers
* Attend conferences to represent Canonical and the Charmed Observability Stack
* Work from home with global travel 2 to 4 weeks for internal and external events


 What we are looking for in you
   

  

* You love technology and working with brilliant people
* You value soft skills and are passionate, enterprising, thoughtful, and self\\-motivated
* You have a Bachelor's or equivalent in Computer Science, STEM or similar degree
* You are a skilled Python developer, preferably with a track record in open source
* You have a working knowledge of Go
* You have interest and experience with two or more of the following: Ubuntu Linux, container images, Debian packaging, snap, distributed systems.


 What we offer colleagues
   

  

 We consider geographical location, experience, and performance in shaping compensation worldwide. We revisit compensation annually (and more often for graduates and associates) to ensure we recognize outstanding performance. In addition to base pay, we offer a performance\\-driven annual bonus or commission. We provide all team members with additional benefits which reflect our values and ideals. We balance our programs to meet local needs and ensure fairness globally.
   

  

* Distributed work environment with twice\\-yearly team sprints in person
* Personal learning and development budget of USD 2,000 per year
* Annual compensation review
* Recognition rewards
* Annual holiday leave
* Maternity and paternity leave
* Team Member Assistance Program \\& Wellness Platform
* Opportunity to travel to new locations to meet colleagues
* Priority Pass and travel upgrades for long\\-haul company events


**About Canonical**
 Canonical is a pioneering tech firm at the forefront of the global move to open source. As the company that publishes Ubuntu, one of the most important open\\-source projects and the platform for AI, IoT, and the cloud, we are changing the world of software. We recruit on a global basis and set a very high standard for people joining the company. We expect excellence; in order to succeed, we need to be the best at what we do. Most colleagues at Canonical have worked from home since our inception in 2004\\. Working here is a step into the future and will challenge you to think differently, work smarter, learn new skills, and raise your game.
   

  

 Canonical is an equal opportunity employer
   

  

 We are proud to foster a workplace free from discrimination. Diversity of experience, perspectives, and background create a better work environment and better products. Whatever your identity, we will give your application fair consideration.","Software Development","https://uk.linkedin.com/company/canonical","https://media.licdn.com/dms/image/v2/C560BAQEbIYAkAURcYw/company-logo_100_100/company-logo_100_100/0/1650566107463/canonical_logo?e=2147483647&v=beta&t=17jhZvUOD-0vAJw3nIGnkBiYtBbXfEriIhIo6TfDmzc","","","","","","","","","","",""
"li-4347685141","linkedin","https://www.linkedin.com/jobs/view/4347685141","","Jr. Platform Test Automation Engineer","Nokia","Kanata, Ontario, Canada","2025-12-18","fulltime","","","","","",False,"not applicable","Quality Assurance","","","**Job Description**
 The Service Router Platform team is responsible for qualifying components and related features of the leading edge data centre, enterprise and CSP family of products. We are required to design, develop, automate and execute sophisticated tests to verify the conformance of features and their functionality implemented by Engineering against requirements specifications laid out by Product Management. We are responsible for driving the features to completion and will therefore have to interact extensively with Software, Hardware, Firmware and Product Management teams. Our team is the reason why Nokia has a reputation for quality.
   

  

**How You Will Contribute And What You Will Learn**
* Help validate and qualify Media Dependent Adapter level components on new routers, including Ethernet and pluggable optical transceivers of various form factors
* Maintain and utilize various state of the art lab test equipment including traffic generators, optical measurement, impairment and cleaning devices using a good balance of hands\\-on and automation techniques
* Develop and enhance automated test cases to validate new h/w and s/w features in a Linux\\-based regression environment
* Troubleshoot issues and work closely with the functional area testers and developers from the software and hardware teams to investigate and resolve bugs
* Learn the industry's best practices in software development, configuration management and quality assurance design and automation


**Key Skills And Experience**
* Bachelor of Engineering degree in Computer Systems, Software, Electrical or Communications or equivalent
* Experience and knowledge of programming languages (preferably scripting languages such as TCL, Python, Perl, shell)
* A drive towards best practices and the best quality possible and a strong attention to detail


 It would be nice if you also had:
   

  

* Knowledge and hands\\-on experience using Git.
* Familiarity with networking test tools (IXIA, Spirent, IPerf, Wireshark, etc.), knowledge of IP/TCP, routing protocols (OSPF, ISIS, BGP) and/or signaling protocols (RSVP, LDP).
* Knowledge of Ethernet and optics transceivers, understanding of x86 or ARM CPU architectures and devices (BIOS/uboot, Flash, TPM), and familiarity with root of trust chain and cryptography standards.
* Knowledge and hands\\-on experience with Linux file system, kernel, and partitions.


**About Us**
**Advancing connectivity to secure a brighter world.**
 Nokia is a global leader in connectivity for the AI era. With expertise across fixed, mobile and transport networks, powered by the innovation of Nokia Bell Labs, we’re advancing connectivity to secure a brighter world.
   

  

 Learn more about life at Nokia .
   

  

**About The Business Group**
 A robust digital backbone is the unsung hero of modern life, underpinning everything from daily interactions to cloud computing and critical infrastructure. The Network Infrastructure team is passionate about pushing the boundaries of what's possible in networking, tackling the toughest challenges and delivering innovative solutions.
   

  

 We deliver trusted, purpose\\-built IP, optical, fixed, and data center solutions that power the internet, drive the global economy, and support the mission\\-critical industries that keep the world running.
   

  

**Our recruitment process**
 We act inclusively and respect the uniqueness of people. Our employment decisions are made regardless of race, color, national or ethnic origin, religion, gender, sexual orientation, gender identity or expression, age, marital status, disability, protected veteran status or other characteristics protected by law. We are committed to a culture of inclusion built upon our core value of respect.
   

  

 If you’re interested in this role but don’t meet every listed requirement, we still encourage you to apply. Unique backgrounds, perspectives, and experiences enrich our teams, and you may be just the right candidate for this or another opportunity.
   

  

 The length of the recruitment process may vary depending on the specific role's requirements. We strive to ensure a smooth and inclusive experience for all candidates. Discover more about the recruitment process at Nokia .
   

  

**About The Team**
 Some of our benefits in Canada :
   

  

* Corporate Retirement Savings Plan
* Health and dental benefits
* Short\\-term disability, and long\\-term disability
* Life insurance, and AD\\&D – Company paid 2x base pay
* Optional or Supplemental life and AD\\&D insurance (Employee/Spouse/Child)
* Paid time off for holidays and Vacation
* Employee Stock Purchase Plan
* Tuition Assistance Plan
* Adoption assistance
* Employee Assistance Program/Work Life Resource Program


 The above benefits exclude students.
   

  

**Disclaimer for US/Canada**
 Nokia Maintains broad annual base salary ranges for its roles in order to account for variations in knowledge, skills, experience and market conditions, and with consideration to internal peer equity. Check the salary ranges in the job info section for this role.
   

  

**All North America job posts will post for a minimum of 7 calendar days and up to 180 days or until candidate/s identified.**","IT Services and IT Consulting and Telecommunications","https://fi.linkedin.com/company/nokia","https://media.licdn.com/dms/image/v2/D4E0BAQGvo3aurmZZjQ/company-logo_100_100/B4EZqbzf6YKsAQ-/0/1763550560619/nokia_logo?e=2147483647&v=beta&t=kn-PVp_mHL7j4tit7z91bLiNaaWiWdi4AYMDvkuG0iU","","","","","","","","","","",""
"li-4209373919","linkedin","https://www.linkedin.com/jobs/view/4209373919","","Software Engineer - Front End","Veeva Systems","Ottawa, Ontario, Canada","2025-12-17","fulltime","","","","","",True,"mid-senior level","Engineering","","_accommodations@veeva.com","Veeva Systems is a mission\\-driven organization and pioneer in industry cloud, helping life sciences companies bring therapies to patients faster. As one of the fastest\\-growing SaaS companies in history, we surpassed $2B in revenue in our last fiscal year with extensive growth potential ahead.
   

  

 At the heart of Veeva are our values: Do the Right Thing, Customer Success, Employee Success, and Speed. We're not just any public company – we made history in 2021 by becoming a public benefit corporation (PBC), legally bound to balancing the interests of customers, employees, society, and investors.
   

  

 As a Work Anywhere company, we support your flexibility to work from home or in the office, so you can thrive in your ideal environment.
   

  

 Join us in transforming the life sciences industry, committed to making a positive impact on its customers, employees, and communities.
   

  

**The Role**
 We are looking for Front\\-End Software Engineers who are eager to build in a fast\\-paced, startup environment inside a stable, profitable company. Our teams are solving complex problems that impact the speed and effectiveness of the life sciences industry. In this role, you’ll jump right in, develop in rapid sprints, and find quickly that we don’t believe in throwaway technology. You build it \\- we ship it.
   

  

 Front\\-end engineers will collaborate directly with the back\\-end and design teams to develop and maintain the UI of Veeva's cloud\\-based applications using modern JavaScript frameworks. You should be a team player, a fast learner, and have a drive for excellence.
   

  

**What You'll Do**
* Be part of a dynamic team that is passionate about creating industry\\-changing, cloud\\-based applications and platforms
* Solve real customer problems and experiment with new ideas. Decompose existing software systems while working with and influencing others to improve overall architecture
* Collaborate with QA engineers to ensure accurate and comprehensive testing coverage
* Contribute to troubleshooting and technical support of the product
* Participate in all aspects of the software development life cycle


**Requirements**
* 3\\+ years of UI development experience
* Proficiency with React and JavaScript or Typescript
* ES6 experience
* Experience working with modern JavaScript frameworks (e.g. React or Vue)
* Knowledge of unit test frameworks like Jest and React\\-testing\\-library
* Proficiency with CSS abstraction layers (e.g. SASS or JSS)
* We are looking for strong mentors with a proven record of making your team better


****Nice to Have****
* Familiarity with open\\-source Java stack development (Java, Gradle, Git, Jenkins, JUnit, Tomcat)


**Learn More**
* Engineer Perspective: 3 Reasons to Consider Veeva
* Engineering at Veeva


**Perks \\& Benefits**
* Medical, dental, vision, and basic life insurance
* PTO and company\\-paid holidays
* Retirement programs
* 1% charitable giving program


**Compensation**
* Base pay: $85,000 \\- $225,000 CAD
* The salary range listed here has been provided to comply with local regulations and represents a potential base salary range for this role. Please note that actual salaries may vary within the range above or below, depending on experience and location. We look at compensation for each individual and base our offer on your unique qualifications, experience, and expected contributions. This position may also be eligible for other types of compensation in addition to base salary, such as variable bonus and/or stock bonus.


 Veeva’s headquarters is located in the San Francisco Bay Area with offices in more than 15 countries around the world.
   

  

 Veeva is an equal opportunity employer. All qualified applicants will receive consideration for employment without regard to race, color, sex, sexual orientation, gender identity or expression, religion, national origin or ancestry, age, disability, marital status, pregnancy, protected veteran status, protected genetic information, political affiliation, or any other characteristics protected by local laws, regulations, or ordinances. If you need assistance or accommodation due to a disability or special need when applying for a role or in our recruitment process, please contact us at talent\\_accommodations@veeva.com.","Software Development, IT Services and IT Consulting, and Pharmaceutical Manufacturing","https://www.linkedin.com/company/veeva-systems","https://media.licdn.com/dms/image/v2/C4E0BAQHW29Wyz9Q11w/company-logo_100_100/company-logo_100_100/0/1631340331617?e=2147483647&v=beta&t=K7R_qLvWu1edjFLP8vp806fVq6d3Tv5aGbhOMZo_qoE","","","","","","","","","","",""
"li-4113882359","linkedin","https://www.linkedin.com/jobs/view/4113882359","","Software Engineer - Java","Veeva Systems","Ottawa, Ontario, Canada","2025-12-17","fulltime","","","","","",True,"mid-senior level","Engineering","","_accommodations@veeva.com","Veeva Systems is a mission\\-driven organization and pioneer in industry cloud, helping life sciences companies bring therapies to patients faster. As one of the fastest\\-growing SaaS companies in history, we surpassed $2B in revenue in our last fiscal year with extensive growth potential ahead.
   

  

 At the heart of Veeva are our values: Do the Right Thing, Customer Success, Employee Success, and Speed. We're not just any public company – we made history in 2021 by becoming a public benefit corporation (PBC), legally bound to balancing the interests of customers, employees, society, and investors.
   

  

 As a Work Anywhere company, we support your flexibility to work from home or in the office, so you can thrive in your ideal environment.
   

  

 Join us in transforming the life sciences industry, committed to making a positive impact on its customers, employees, and communities.
   

  

**The Role**
 Join a high\\-energy team of motivated engineers to design and implement product features for our cloud applications. Tackle significant technical scaling challenges for our ever growing life sciences customer\\-base.
   

  

**What You'll Do**
* Design, implement, and deliver robust, scalable cloud features and products
* Write clean, high\\-quality, and testable code (Java/OO) with strong unit and integration coverage
* Develop rich user experiences and evolve application architecture
* Mentor junior developers to elevate team performance


**Requirements**
* Experience: 3\\+ years of professional software development experience, focused on enterprise\\-scale cloud applications
* Core Tech Stack:
* Java expertise. Deep understanding of Object\\-Oriented programming, clean code practices, and common software design patterns
* Strong hands\\-on experience with the Spring framework (e.g., Spring Boot, Spring MVC)
* Proficiency with SQL or NoSQL databases (e.g., MySQL, Postgres, DynamoDB) and data access layers (e.g., Hibernate/JPA)
* DevOps \\& Cloud:
* Familiarity with CI/CD tools and processes (e.g., Git, Jenkins)
* Experience building and deploying applications on a major cloud platform (AWS preferred)
* Core Values and Expectations:
* High work ethic. Veeva is a hard\\-working company
* High integrity and honesty. Veeva is a PBC and a “do the right thing” company. We expect that from all employees
* Excellent verbal and written English communication skills. Engineering is not all about the code, it’s also about communication


**Learn More**
* Engineer Perspective: 3 Reasons to Consider Veeva
* Engineering at Veeva


**Perks \\& Benefits**
* Medical, dental, vision, and basic life insurance
* PTO and company\\-paid holidays
* Retirement programs
* 1% charitable giving program


**Compensation**
* Base pay: $85,000 \\- $225,000
* The salary range listed here has been provided to comply with local regulations and represents a potential base salary range for this role. Please note that actual salaries may vary within the range above or below, depending on experience and location. We look at compensation for each individual and base our offer on your unique qualifications, experience, and expected contributions. This position may also be eligible for other types of compensation in addition to base salary, such as variable bonus and/or stock bonus.


 Veeva’s headquarters is located in the San Francisco Bay Area with offices in more than 15 countries around the world.
   

  

 Veeva is an equal opportunity employer. All qualified applicants will receive consideration for employment without regard to race, color, sex, sexual orientation, gender identity or expression, religion, national origin or ancestry, age, disability, marital status, pregnancy, protected veteran status, protected genetic information, political affiliation, or any other characteristics protected by local laws, regulations, or ordinances. If you need assistance or accommodation due to a disability or special need when applying for a role or in our recruitment process, please contact us at talent\\_accommodations@veeva.com.","Software Development, IT Services and IT Consulting, and Pharmaceutical Manufacturing","https://www.linkedin.com/company/veeva-systems","https://media.licdn.com/dms/image/v2/C4E0BAQHW29Wyz9Q11w/company-logo_100_100/company-logo_100_100/0/1631340331617?e=2147483647&v=beta&t=K7R_qLvWu1edjFLP8vp806fVq6d3Tv5aGbhOMZo_qoE","","","","","","","","","","",""
"li-4344186267","linkedin","https://www.linkedin.com/jobs/view/4344186267","","QA Test Automation Developer","TechInsights","Ottawa, Ontario, Canada","2025-12-17","fulltime","","","","","",False,"mid-senior level","Quality Assurance","","","**OUR STORY**
 TechInsights is the information Platform for the semiconductor industry.
   

  

 Regarded as the most trusted source of actionable, in\\-depth intelligence related to semiconductor innovation and surrounding markets, TechInsights’ content informs decision makers and professionals whose success depends on accurate knowledge of the semiconductor industry—past, present, or future.
   

  

 Over 650 companies and 150,000 users access the TechInsights Platform, the world’s largest vertically integrated collection of unmatched reverse engineering, teardown, and market analysis in the semiconductor industry. This collection includes detailed circuit analysis, imagery, semiconductor process flows, device teardowns, illustrations, costing and pricing information, forecasts, market analysis, and expert commentary. TechInsights’ customers include the most successful technology companies who rely on TechInsights’ analysis to make informed business, design, and product decisions faster and with greater confidence. For more information, visit www.techinsights.com.
   

  

**WHY WORK WITH US**
* Company\\-sponsored training and development opportunities
* Comprehensive benefits package (health, dental, vision, wellness, RRSP/401K Matching, annual fitness reimbursement)
* Flexible vacation policy
* Bring your own device program
* Community involvement opportunities through charitable alliances: https://www.techinsights.com/community\\-involvement
* Wellness resources and support
* Inclusive environment that prioritizes diversity, equity, and accessibility
* High\\-growth company driven by high performance
* Expected salary range: $81,600 \\- $86,400 CAD


**THE OPPORTUNITY**
 We are seeking an experienced Test Automation Developer to design, develop, and execute comprehensive automated test strategies for our full\\-stack software applications. In this role, you will be responsible for creating robust test plans, implementing automation frameworks for both front\\-end and back\\-end systems, and driving continuous quality improvements across the development lifecycle.
   

  

 The ideal candidate will work collaboratively with QA, development, and product management teams to ensure the delivery of high\\-quality software in an agile environment. You will leverage your expertise in test automation and CI/CD practices to build scalable testing solutions, mentor junior team members, and establish processes that enhance the efficiency and effectiveness of our QA operations. This position requires strong technical skills, leadership capabilities, and a commitment to maintaining the highest quality standards from development through production deployment.
   

  

**What You’ll Do**
* Design and develop full\\-stack automated test plans for assigned areas and defend these plans in reviews with QA and sprint teams
* Leverage AI\\-driven testing tools and analytics to enhance test coverage, accelerate defect detection, and optimize QA workflows across manual and automated domains.
* Identify opportunities to integrate AI and machine learning capabilities into quality assurance processes, contributing to continuous improvement and long\\-term QA scalability.
* Create and maintain project standards, procedures, and documentation, ensuring all test collateral meets high\\-quality standards across assigned and team coverage areas
* Execute planned manual testing and automated testing against assigned areas, meeting all sprint commitments and ensuring risk\\-mitigated deployments to production
* Participate in reviews for junior team members and provide input on test plans and other test collateral to support team development
* Verify traceability in project work products and take corrective action to remedy issues across QA, development, product management, and support teams
* Manage external team dependencies directly and support other team members in managing their dependencies effectively
* Report all bugs with recommendations on priority and severity, ensuring recommendations drive bug resolution decisions
* Plan and execute test automation for assigned and additional areas as needed, establishing success metrics to quantify and track automation test coverage
* Build test plans compatible with cloud\\-based CI/CD strategy and ensure their adoption by external teams
* Implement broad\\-based automation for test cases covering both front\\-end and back\\-end testing, supporting continuous improvement in test automation and CI/CD activities
* Analyze post\\-release failures and ensure corrective actions are implemented across all test domains, while influencing adherence to quality processes to ensure timely bug fixes and retesting
* Identify optimization opportunities for QA operations, establish new processes, implement new tools and strategies to improve the QA function, and achieve agreed learning goals on time


**What You’ll Bring**
* Education: Bachelor's degree in Computer Science, Software Engineering, Information Technology, or related technical field
* Professional Experience: 6\\-8 years of experience in software quality assurance and test automation
* Full\\-Stack Testing Expertise: Demonstrated experience designing and executing comprehensive test plans for both front\\-end and back\\-end systems
* Test Automation Proficiency: Strong hands\\-on experience implementing automated testing frameworks and strategies, with ability to establish and track automation coverage metrics
* AI\\-expertise: Experience with or strong interest in AI\\-assisted testing tools, such as intelligent test generation, automated traceability, or self\\-healing test automation frameworks; ability to assess AI\\-driven quality engineering technologies and incorporate them into existing test strategies to increase speed, productivity, and repeatability.
* CI/CD Knowledge: Solid understanding of continuous integration and continuous deployment practices, with experience building test plans compatible with cloud\\-based CI/CD environments
* Software Testing Best Practices: Deep knowledge of industry\\-standard testing methodologies, quality assurance processes, and verification techniques including traceability management
* Technical Leadership: Proven ability to conduct technical reviews, mentor junior team members, and provide constructive feedback on test plans and deliverables
* Documentation Skills: Experience creating, maintaining, and updating project standards, procedures, and technical documentation to high\\-quality standards
* Defect Management: Strong analytical skills in bug reporting, priority/severity assessment, and driving resolution decisions with development teams
* Cross\\-Functional Collaboration: Ability to manage external team dependencies, coordinate with development, product management, and support teams to remediate quality issues
* Process Improvement Mindset: Track record of identifying optimization opportunities, implementing new tools and strategies, and establishing processes that scale QA operations
* Agile/Sprint Experience: Demonstrated ability to meet sprint commitments, manage production deployments with risk mitigation, and operate effectively in agile development environments


 As part of the recruitment process for this position, you will be required to submit your latest citizenship and/or permanent residency information. This information will be used to comply with U.S. Export Control Laws and Regulations.
   

  

**WORKING ARRANGEMENT**
 This is an on\\-site role based out of our Ottawa office.
   

  

 Technology knows no bounds, and neither does TechInsights. Bringing together talented humans from different perspectives, backgrounds and abilities is something we take seriously. We’re committed to building an inclusive environment that welcomes you to be your authentic self and allows us to push past the boundaries together.
   

  

 TechInsights is committed to meeting the needs of people with disabilities. Accommodations are available on request for candidates taking part in all aspects of the selection process.
   

  

 As part of any recruitment process, TechInsights collects and processes personal data relating to job applicants. We are committed to being transparent about how we collect and use that data and to meeting our data protection obligations. Our Privacy policy can be referenced here: https://www.techinsights.com/privacy\\-policy
   

  

 Powered by JazzHR
   

  

 pWShsbjQ9r","Internet Publishing","https://ca.linkedin.com/company/-techinsights","https://media.licdn.com/dms/image/v2/C4D0BAQFXUnuikt3gMQ/company-logo_100_100/company-logo_100_100/0/1630561647554/_techinsights_logo?e=2147483647&v=beta&t=UcB4sRWSzZ6Dq8SnzEeCZDiXQMoaUoTCnENoERn0p4w","","","","","","","","","","",""
"li-4113885201","linkedin","https://www.linkedin.com/jobs/view/4113885201","","Software Engineer - Full Stack","Veeva Systems","Ottawa, Ontario, Canada","2025-12-17","fulltime","","","","","",True,"entry level","Engineering","","_accommodations@veeva.com","Veeva Systems is a mission\\-driven organization and pioneer in industry cloud, helping life sciences companies bring therapies to patients faster. As one of the fastest\\-growing SaaS companies in history, we surpassed $2B in revenue in our last fiscal year with extensive growth potential ahead.
   

  

 At the heart of Veeva are our values: Do the Right Thing, Customer Success, Employee Success, and Speed. We're not just any public company – we made history in 2021 by becoming a public benefit corporation (PBC), legally bound to balancing the interests of customers, employees, society, and investors.
   

  

 As a Work Anywhere company, we support your flexibility to work from home or in the office, so you can thrive in your ideal environment.
   

  

 Join us in transforming the life sciences industry, committed to making a positive impact on its customers, employees, and communities.
   

  

**The Role**
 Our teams are hiring multiple talented Full\\-Stack Software Engineers to build innovative products in Life Sciences. You'll work with the latest front\\-end and back\\-end technologies as we tackle some of the biggest challenges facing the world today.
   

  

 We are looking for engineers that would thrive in a fast\\-paced, startup environment while having the stability of a successful, profitable company. You have extensive experience in Java and Javascript applications and the latest open source technologies. You’ve ideally worked in enterprise software development or for a high\\-growth technology company.
   

  

**What You'll Do**
* Participate in all aspects of the SDLC
* Collaborate with product managers, other engineers, and domain experts to design and develop cutting\\-edge applications in life science
* Collaborate with Quality Assurance engineers to ensure accurate and comprehensive testing coverage
* Contribute to troubleshooting and technical support of the product


**Requirements**
* 2\\+ years of experience in software product development
* Experience with Javascript front\\-end libraries such as React, Angular, or Vue
* Experience with backend development in Java
* Experience with CSS abstraction layers (e.g. SASS or JSS)
* Experience with RDBMS such as MySQL, Oracle, or MS SQL Server
* Strong communication skills
* EST and CST time zones are preferred
* BS in engineering/computer science or equivalent
* We are looking for strong mentors with a proven record of making your team better


****Nice to Have****
* Previous experience working in an agile environment
* Experience with the Spring framework
* Experience with ES6
* Experience with Software\\-as\\-a\\-Service (SaaS) product development
* Experience with content management products and technologies


**Learn More**
* Engineer Perspective: 3 Reasons to Consider Veeva
* Engineering at Veeva


**Perks \\& Benefits**
* Medical, dental, vision, and basic life insurance
* PTO and company\\-paid holidays
* Retirement programs
* 1% charitable giving program


**Compensation**
* Base pay: $85,000 \\- $225,000
* The salary range listed here has been provided to comply with local regulations and represents a potential base salary range for this role. Please note that actual salaries may vary within the range above or below, depending on experience and location. We look at compensation for each individual and base our offer on your unique qualifications, experience, and expected contributions. This position may also be eligible for other types of compensation in addition to base salary, such as variable bonus and/or stock bonus.


 Veeva’s headquarters is located in the San Francisco Bay Area with offices in more than 15 countries around the world.
   

  

 Veeva is an equal opportunity employer. All qualified applicants will receive consideration for employment without regard to race, color, sex, sexual orientation, gender identity or expression, religion, national origin or ancestry, age, disability, marital status, pregnancy, protected veteran status, protected genetic information, political affiliation, or any other characteristics protected by local laws, regulations, or ordinances. If you need assistance or accommodation due to a disability or special need when applying for a role or in our recruitment process, please contact us at talent\\_accommodations@veeva.com.","Software Development, IT Services and IT Consulting, and Pharmaceutical Manufacturing","https://www.linkedin.com/company/veeva-systems","https://media.licdn.com/dms/image/v2/C4E0BAQHW29Wyz9Q11w/company-logo_100_100/company-logo_100_100/0/1631340331617?e=2147483647&v=beta&t=K7R_qLvWu1edjFLP8vp806fVq6d3Tv5aGbhOMZo_qoE","","","","","","","","","","",""
"li-4344428764","linkedin","https://www.linkedin.com/jobs/view/4344428764","","Automation Developer - Lottery Group","Canadian Bank Note Company, Limited","Ottawa, Ontario, Canada","2025-12-17","fulltime","","","","","",False,"mid-senior level","Information Technology","","","Canadian Bank Note Company (CBN) is a trusted leader in secure technology solutions for governments and businesses worldwide. The company operates across various business domains, including currency production, border security, civil identity, driver identification and vehicle information, excise control, lottery and charitable gaming.
   

  

 Our 7 Core Principles shape and guide our corporate behaviours and underpin the sense of community you will experience at CBN. We pride ourselves on fostering a supportive and collaborative work environment, where employees are valued for their contributions and encouraged to grow professionally.
   

  

 At CBN we seek long\\-term relationships with our employees and recognize and reward them with a competitive total compensation package that includes:
   

  

* An industry\\-leading defined contribution pension plan with company matching contributions (up to 5%) and payment of service fees;
* Best\\-in\\-class health, medical, and life insurance benefits;
* Access to virtual and telehealth services and apps; and
* Very progressive fertility, adoption, and surrogacy benefits to support all definitions of family.


**Responsibilities**
**Job Description**
**Automation Development \\& Scripting**
* Design, develop, and implement automation solutions for software testing and deployment processes.
* Create and maintain automation solutions using programming languages such as Python, Java, or JavaScript.
* Develop custom automation frameworks and tools to support development and operational processes.


**Test \\& Process Automation**
* Automate functional, regression, and performance testing using frameworks like Selenium, Robot Framework or Playwright.
* Implement API test automation using Postman or ReadyAPI.
* Optimize and maintain automated test suites to ensure robust test coverage.


**Performance \\& Reliability Engineering**
* Implement performance testing automation using tools like JMeter.
* Monitor and analyze automation test results to enhance system performance and reliability.
* Work with developers and testers to identify automation opportunities and best practices.


**Collaboration \\& Continuous Improvement**
* Work closely with software engineers, QA testers, and DevOps teams to improve software quality.
* Research and implement new automation tools and technologies.
* Document automation frameworks, tools, and best practices for knowledge sharing.


**Qualifications**
**Education \\& Certifications**
* Bachelor’s degree in computer science, Software Engineering, Information Technology, or a related field.
* Certifications in automation testing, DevOps, or cloud platforms (e.g., ISTQB Test Automation Engineer, Microsoft Certified: Azure DevOps Engineer Expert) are a plus.


**Technical Concepts \\& Methodologies**
* Strong understanding of test automation frameworks and DevOps automation practices.
* Experience with scripting languages such as Python, Java, JavaScript.
* Knowledge of Agile, Scrum, and DevOps methodologies.


**Soft Skills \\& Competencies**
* Strong analytical and problem\\-solving skills.
* Ability to work independently and collaboratively in a team.
* Excellent communication and documentation skills.
* Strong attention to detail and ability to troubleshoot issues.


**Experience**
* 8\\+ years of experience in automation development, test automation, or DevOps automation.
* Experience in developing and maintaining automation frameworks.


**Technical Environment**
* Automation Frameworks: LoadNinja, TestComplete, ReadyAPI, Junit, Mockito
* Languages: Java, Javascript, Typescript, PHP, Python, C, HTML
* Frameworks: Angular, Slim, Java Spring Framework
* Databases: PostgreSQL / SQL
* Cloud: Azure
* Containerization: Docker, PodMan, Kubernetes
* Tools: Jira, Git, GOCD, Bit Bucket, Book Stack, GitLab


**Mandatory Requirements**
* Language: Fluency in English (reading, writing, oral)


**Additional Information**
 Canadian Bank Note Company (CBN) is committed to fostering a diverse and inclusive workplace where all employees are treated with dignity and respect. We are proud to be an equal opportunity employer and do not discriminate on the basis of race, color, religion, sex, national origin, age, disability, veteran status, sexual orientation, gender identity, or any other legally protected status.
   

  

 We provide equal employment opportunities to all individuals, including women, Indigenous Peoples, persons with disabilities, visible minorities, and members of the 2SLGBTQ\\+ community. Our commitment to equity extends to all aspects of employment, including recruitment, hiring, promotion, compensation, benefits, training, and development. As part of our commitment to providing an inclusive, barrier free selection process, we ask that if you are contacted regarding the competition for this position, you advise the interview coordinator or any accommodation measures you may require.
   

  

 At CBN, we value the unique perspectives and experiences that each employee brings to our organization, and we are committed to maintaining a workplace that reflects the diverse communities we serve. We believe that diversity and inclusion drive innovation and success, and we strive to create an environment where every employee can thrive and contribute to our collective goals.","Software Development and IT Services and IT Consulting","https://ca.linkedin.com/company/canadian-bank-note-company-limited","https://media.licdn.com/dms/image/v2/C560BAQGFRHMA6V_V4w/company-logo_100_100/company-logo_100_100/0/1630645784580/canadian_bank_note_company_limited_logo?e=2147483647&v=beta&t=6qHCgEkaqqbm-J2pKGbi9ILbIXIwooxXW8JEs8pav1M","","","","","","","","","","",""
"li-4344137241","linkedin","https://www.linkedin.com/jobs/view/4344137241","https://fa-evmr-saasfaprod1.fa.ocs.oraclecloud.com/hcmUI/CandidateExperience/en/job/28482/?utm_medium=jobshare&src=SNS-102&urlHash=68x7","Web Applications Co-op/Intern","Nokia","Kanata, Ontario, Canada","2025-12-17","fulltime","","","","","",False,"not applicable","Engineering and Information Technology","","","**Job Description**
**Position:** 
 Software Applications Co\\-op/Intern
   

  

**Number of Position(s):** 
 2
   

  

**Duration:** 
 4\\+ Months
   

  

**Date:** 
 May 4 \\- Aug 28, 2026(Summer Term)
   

  

**Location:** 
 Hybrid \\- Ottawa Office
   

  

**Education Recommendations**
 Currently a candidate for a Master's, bachelor's degree, or diploma in Computer Science, Engineering, or a related field with an accredited school in Canada.
   

  

**How You Will Contribute And What You Will Learn**
**As part of the team, you will:**
* Develop scripts or applications (e.g. XML, Java, Java Script, Perl) to simulate various management activities and network scenarios.
* Develop and build network setups to facilitate feature development and testing.
* Develop and execute test plans to validate functional aspects of the product.
* Investigate product defects encountered during test scenarios.
* Ensure regular scheduling of automated regression tests, analyze automated test results, and maintain regression scripts, regression, and performance test beds.


**Key Skills And Experience**
**Required Skills for Internal Candidates:**
* Strong programming skills (Java, Java Script, Perl, XML)
* Ability to learn quickly and to work in a fast\\-paced, innovative environment.
* Strong problem\\-resolution skills


**It would be nice if you also had:**
* UNIX operating environment (RHEL or Solaris), Virtual Machines, Kubernetes
* Knowledge of software and/or testing methodologies
* Networking and telecommunications knowledge
* Understanding of L2/L3 Services, Routing Protocols (ie. OSPF, IS\\-IS, BGP, RIP), and MPLS","IT Services and IT Consulting and Telecommunications","https://fi.linkedin.com/company/nokia","https://media.licdn.com/dms/image/v2/D4E0BAQGvo3aurmZZjQ/company-logo_100_100/B4EZqbzf6YKsAQ-/0/1763550560619/nokia_logo?e=2147483647&v=beta&t=kn-PVp_mHL7j4tit7z91bLiNaaWiWdi4AYMDvkuG0iU","","","","","","","","","","",""
"li-4308263081","linkedin","https://www.linkedin.com/jobs/view/4308263081","","Software Test Engineer - New Grad","Ciena","Ottawa, Ontario, Canada","","fulltime","","","","","",False,"entry level","Engineering and Information Technology","","","As the global leader in high\\-speed connectivity, Ciena is committed to a people\\-first approach. Our teams enjoy a culture focused on prioritizing a flexible work environment that empowers individual growth, well\\-being, and belonging. We’re a technology company that leads with our humanity—driving our business priorities alongside meaningful social, community, and societal impact.
   

  

**How You Will Contribute**
* Take ownership of test delivery for assigned features or feature groups, ensuring a deep understanding of end\\-to\\-end requirements at both individual and architectural levels.
* Gain in\\-depth knowledge of related protocols, dependencies, and their role within Waverouter and 10\\.x architecture.
* Assess and understand the impact of requirements across various releases, confidently engaging with architects to validate and refine deliverables.
* Demonstrate ownership of customer prototype demonstrations when opportunities arise.
* Collaborate with Senior Engineers to collect log files, perform software upgrades, and execute assigned test cases.
* Execute manual and automated end\\-to\\-end feature testing, ensuring comprehensive test coverage for feature validation.
* Prepare test environments with necessary traffic generators, cards, and system setups, ensuring readiness for testing completion. Deliver manual and automated test results on time and within quality parameters.
* Work closely with design groups to reproduce and debug issues identified during testing.


**The Must Haves**
* Bachelor’s degree in Computer Science or a related technical field.
* Software development experience in one or more general\\-purpose programming languages.
* Proficiency in two or more of the following areas: web application development, Unix/Linux environments, application development, distributed and parallel systems, machine learning, information retrieval, natural language processing, networking, developing large software systems, and/or security software development.
* Familiarity with development tools such as GIT, Jenkins, Perforce, Clearcase, etc.
* Experience working in Agile and Waterfall development models.
* Hands\\-on experience in both manual and automated testing environments.


**Nice To Haves**
* Advanced degrees (Bachelor's, Master’s, PhD) or additional education/experience in engineering, computer science, or related technical fields.
* Proficiency in one or more programming languages, including but not limited to Java, C/C\\+\\+, C\\#, Objective C, Python, JavaScript, or Go.
* Enthusiasm for learning additional coding languages as needed.


**Pay Range**
 The annual pay range for this position is $ 69,400 \\- 110,800 CAD
   

  

 Pay ranges at Ciena are designed to accommodate variations in knowledge, skills, experience, market conditions, and locations, reflecting our diverse products, industries, and lines of business. Please note that the pay range information provided in this posting pertains specifically to the primary location, which is the top location listed in case multiple locations are available.
   

  

 Non\\-Sales employees may be eligible for a discretionary incentive bonus, while Sales employees may be eligible for a sales commission. In addition to competitive compensation, Ciena offers a comprehensive benefits package, including medical, dental, and vision plans, participation in 401(K) (USA) \\& DCPP (Canada) with company matching, Employee Stock Purchase Program (ESPP), Employee Assistance Program (EAP), company\\-paid holidays, paid sick leave, and vacation time. We also comply with all applicable laws regarding Paid Family Leave and other leaves of absence.
   

  

**Not ready to apply?** 
 Join our Talent Community to get relevant job alerts straight to your inbox.
   

  

 At Ciena, we are committed to building and fostering an environment in which our employees feel respected, valued, and heard. Ciena values the diversity of its workforce and respects its employees as individuals. We do not tolerate any form of discrimination.
   

  

 Ciena is an Equal Opportunity Employer, including disability and protected veteran status.
   

  

 If contacted in relation to a job opportunity, please advise Ciena of any accommodation measures you may require.","Telecommunications","https://www.linkedin.com/company/ciena","https://media.licdn.com/dms/image/v2/D560BAQGSAQqJoMAxqg/company-logo_100_100/company-logo_100_100/0/1696872327479/ciena_logo?e=2147483647&v=beta&t=0PvtUK3Akr5UMEE_EPVaRpeEB2MpZ-LIKu_KVLCR0SI","","","","","","","","","","",""
"li-4312179720","linkedin","https://www.linkedin.com/jobs/view/4312179720","https://ciena.wd5.myworkdayjobs.com/en-US/Careers/job/Ottawa/Software-Test-Automation-Engineer\\u002d\\u002d-New-Grad_R029196?source=LinkedIn+Job+Advertisement&urlHash=j8sL","Software Test Automation Engineer – New Grad","Ciena","Ottawa, Ontario, Canada","","fulltime","","","","","",False,"internship","Quality Assurance","","","As the global leader in high\\-speed connectivity, Ciena is committed to a people\\-first approach. Our teams enjoy a culture focused on prioritizing a flexible work environment that empowers individual growth, well\\-being, and belonging. We’re a technology company that leads with our humanity—driving our business priorities alongside meaningful social, community, and societal impact.
   

  

 Launch your career with Ciena and shape the future of AI\\-powered networking. We are seeking recent or upcoming graduates with a bachelor’s or master’s degree in Computer Science, Software Engineering, or related fields who are eager to apply Python, AI, and cloud networking to solve real\\-world challenges.
   

  

**How You Will Contribute**
* Develop efficient test automation leveraging Python and modern frameworks in virtualized, microservices, and container\\-based architectures.
* Implement AI\\-powered testing tools to enhance efficiency and coverage.
* Gain hands\\-on experience with technologies such as Cloud Networking, Containers, Segment Routing, SRv6, and EVPN.
* Troubleshoot and resolve issues within an Agile development environment.


**The Must Haves**
* Bachelor’s or master’s degree in Computer Science, Software Engineering, or a related field.
* Proficiency in Python programming, along with knowledge of Linux shell and Git.
* Solid understanding of Object\\-Oriented Programming (OOP), algorithms, and data structures.
* Interest or familiarity with AI/ML concepts and networking fundamentals.
* Effective communication skills and a collaborative attitude.


**Nice To Haves**
* Knowledge of TCP\\-IP and Linux operating systems.


**Pay Range**
 The annual pay range for this position is $64,100\\-$102,300
   

  

 Pay ranges at Ciena are designed to accommodate variations in knowledge, skills, experience, market conditions, and locations, reflecting our diverse products, industries, and lines of business. Please note that the pay range information provided in this posting pertains specifically to the primary location, which is the top location listed in case multiple locations are available.
   

  

 Non\\-Sales employees may be eligible for a discretionary incentive bonus, while Sales employees may be eligible for a sales commission. In addition to competitive compensation, Ciena offers a comprehensive benefits package, including medical, dental, and vision plans, participation in 401(K) (USA) \\& DCPP (Canada) with company matching, Employee Stock Purchase Program (ESPP), Employee Assistance Program (EAP), company\\-paid holidays, paid sick leave, and vacation time. We also comply with all applicable laws regarding Paid Family Leave and other leaves of absence.
   

  

**Not ready to apply?** 
 Join our Talent Community to get relevant job alerts straight to your inbox.
   

  

 At Ciena, we are committed to building and fostering an environment in which our employees feel respected, valued, and heard. Ciena values the diversity of its workforce and respects its employees as individuals. We do not tolerate any form of discrimination.
   

  

 Ciena is an Equal Opportunity Employer, including disability and protected veteran status.
   

  

 If contacted in relation to a job opportunity, please advise Ciena of any accommodation measures you may require.","Telecommunications","https://www.linkedin.com/company/ciena","https://media.licdn.com/dms/image/v2/D560BAQGSAQqJoMAxqg/company-logo_100_100/company-logo_100_100/0/1696872327479/ciena_logo?e=2147483647&v=beta&t=0PvtUK3Akr5UMEE_EPVaRpeEB2MpZ-LIKu_KVLCR0SI","","","","","","","","","","",""
"li-4334566974","linkedin","https://www.linkedin.com/jobs/view/4334566974","https://edzt.fa.em4.oraclecloud.com/hcmUI/CandidateExperience/en/job/32247/?utm_source=linkedin&utm_medium=jobboard&urlHash=Hmq8","UI Developer","Fujitsu","Ottawa, Ontario, Canada","","fulltime","","","","","",True,"mid-senior level","Information Technology","","","**Job Description**
**Fujitsu Canada**
 Fujitsu Canada has a full\\-time, permanent opportunity for a UI Developer to join our innovative team supporting enterprise\\-scale Knowledge Management (KM) modernization projects. This role is ideal for a developer with experience in building accessible, scalable, and user\\-centric interfaces for cloud\\-based KM solutions.
   

  

**Top 3 Primary Skills**
 2–5 years of experience in UI development.
   

  

 Advanced skills in JavaScript and HTML5 for building interactive, enterprise\\-grade UIs.
   

  

 Experience with modern JavaScript frameworks (e.g., ReactJS, Angular, Vue).
   

  

 Strong understanding of UI/UX principles and accessibility standards.
   

  

 Experience implementing containerization for application deployment and scaling.
   

  

 Proficiency in designing and developing software applications.
   

  

 Excellent communication and problem\\-solving skills.
   

  

**Responsibilities**
* Design and develop intuitive, user\\-centric interfaces for authoring, reviewing, and publishing KM content.
* Build responsive and accessible UIs compliant with WCAG 2\\.1 and Canadian accessibility standards.
* Implement containerization strategies for scalable deployment of UI components.
* Collaborate with cross\\-functional teams to ensure seamless integration of UI with backend services.
* Participate in Agile development processes and contribute to continuous improvement initiatives.
* Ensure quality, usability, and accessibility of KM solutions.


**Mandatory Skills**
* 2–5 years of experience in UI development.
* Advanced skills in JavaScript and HTML5 for building interactive, enterprise\\-grade UIs.
* Experience with modern JavaScript frameworks (e.g., ReactJS, Angular, Vue).
* Strong understanding of UI/UX principles and accessibility standards.
* Experience implementing containerization for application deployment and scaling.
* Proficiency in designing and developing software applications.
* Excellent communication and problem\\-solving skills.


**Nice to Have Skills**
* Experience supporting accessibility audits and remediation in regulated environments.
* Familiarity with usability testing, user research, and iterative design methodologies.
* Exposure to modern front\\-end frameworks or mobile development.
* Previous remote or hybrid work experience.


**General Requirements**
* Must reside in the Greater Ottawa/Gatineau area.
* Hybrid work arrangement — onsite at least three days per week, with additional days as needed.
* Strong organizational and time management skills.
* Commitment to quality and attention to detail.
* Ability to work independently and collaboratively.
* Willingness to learn new tools and technologies.
* Eligibility for Reliability Security status; minimum five years’ residency in Canada.","Information Services, IT Services and IT Consulting, and Software Development","https://jp.linkedin.com/company/fujitsu","https://media.licdn.com/dms/image/v2/D4D0BAQHNKrGAQbM1XA/company-logo_100_100/B4DZjqnZFVHsAU-/0/1756282853333/fujitsu_logo?e=2147483647&v=beta&t=dX2LPDRpe204SDyXKmDO76lmTK2o95qqRI_uun9vj_Q","","","","","","","","","","",""
"li-4334413097","linkedin","https://www.linkedin.com/jobs/view/4334413097","","Developer","Fujitsu","Ottawa, Ontario, Canada","","fulltime","","","","","",True,"entry level","Information Technology","","","**Job Description**
 Fujitsu Canada is seeking a full\\-time, permanent Developer to support enterprise\\-scale Knowledge Management (KM) modernization projects. This role focuses on software development, AI integration, and semantic transformation in hybrid environments, contributing to the delivery of intelligent, scalable KM solutions.
   

  

**Top Skills**
 Proficiency in modern programming languages such as Java, C\\#, Python, or JavaScript.
   

  

 Experience with XML structure, namespaces, and DOM manipulation.
   

  

 Ability to write and optimize XSLT stylesheets and XPath expressions.
   

  

 Familiarity with Git and version control systems.
   

  

 Experience with RESTful APIs and microservices architecture.
   

  

 Strong understanding of software development lifecycle and agile methodologies.
   

  

 Experience with Azure cloud infrastructure and DevOps pipelines.
   

  

 Knowledge of containerization technologies and CI/CD practices.
   

  

 Experience with AI/ML/NLP tools for semantic search and content transformation.
   

  

 Experience in regulated or public sector environments
   

  

**Responsibilities**
* Configure, create, and modify code and software for KM systems.
* Design and implement screens, reports, and user interfaces.
* Gather and analyze data to assess feasibility and develop system design specifications.
* Develop, test, and implement small systems and subsystems within larger KM platforms.
* Produce forms, manuals, programs, data files, and procedures for KM applications.
* Collaborate with cross\\-functional teams to ensure alignment with KM architecture and business requirements.
* Integrate AI services and APIs into KM applications for enhanced functionality.
* Support content migration, transformation, and semantic enrichment using XML/XSLT and DITA XML.
* Participate in agile development cycles and DevOps workflows.


 Mandatory Skills
   

  

* Proficiency in modern programming languages such as Java, C\\#, Python, or JavaScript.
* Experience with XML structure, namespaces, and DOM manipulation.
* Ability to write and optimize XSLT stylesheets and XPath expressions.
* Familiarity with Git and version control systems.
* Experience with RESTful APIs and microservices architecture.
* Strong understanding of software development lifecycle and agile methodologies.
* Experience with Azure cloud infrastructure and DevOps pipelines.
* Knowledge of containerization technologies and CI/CD practices.
* Experience with AI/ML/NLP tools for semantic search and content transformation.
* Experience in regulated or public sector environments.


 Nice to Have Skills
   

  

* Experience with DITA XML and document\\-as\\-code principles.
* Familiarity with Azure Cognitive Services and AI\\-powered content processing.
* Exposure to front\\-end frameworks such as ReactJS, Angular, or Vue.
* Experience with Power Automate, LiveTiles, or ShortPoint for SharePoint customization.
* Knowledge of semantic validation, contradiction detection, and metadata alignment.
* Experience with multilingual datasets and merging bilingual content.
* Familiarity with conversational UI platforms like Copilot Studio.
* Experience with automated publishing workflows and post\\-migration analytics.


 General Requirements
   

  

* Must reside in the Gatineau area in Quebec.
* Hybrid work arrangement — onsite at least three days per week, with additional days as needed.
* Strong organizational and time management skills.
* Commitment to quality and attention to detail.
* Ability to work independently and collaboratively.
* Willingness to learn new tools and technologies.
* Eligibility for Reliability Security status; minimum five years’ residency in Canada.
* Experience working in a multicultural or multilingual environment.
* Familiarity with agile or other modern project management methodologies.
* Previous experience in a remote or hybrid work setting.","Information Services, IT Services and IT Consulting, and Software Development","https://jp.linkedin.com/company/fujitsu","https://media.licdn.com/dms/image/v2/D4D0BAQHNKrGAQbM1XA/company-logo_100_100/B4DZjqnZFVHsAU-/0/1756282853333/fujitsu_logo?e=2147483647&v=beta&t=dX2LPDRpe204SDyXKmDO76lmTK2o95qqRI_uun9vj_Q","","","","","","","","","","",""
"li-4334477280","linkedin","https://www.linkedin.com/jobs/view/4334477280","","Developer","Fujitsu","Ottawa, Ontario, Canada","","fulltime","","","","","",False,"entry level","Information Technology","","","**Job Description**
**Fujitsu Canada**
 Fujitsu Canada has a full\\-time, permanent opportunity for a Knowledge Management Developer to join our innovative team supporting enterprise\\-scale Knowledge Management (KM) modernization projects. This role is ideal for a developer with experience in Microsoft 365, Copilot integration, and modern knowledge management practices.
   

  

**Top 3 Must Have Skills**
* 2–5 years of experience in software development.
* Proficiency in Microsoft 365 Ecosystem and Copilot integration.
* Experience with DITA XML and Document\\-as\\-Code methodologies.
* Strong server\\-side programming skills (e.g., Java, C\\#, Python).
* Knowledge of containerization concepts for application deployment.
* Experience with AI\\-enabled tools and frameworks (e.g., Azure AI Services).
* General development experience in enterprise environments.
* Excellent communication and problem\\-solving skills.


**Responsibilities**
* Design, develop, test, and maintain KM solutions integrating Microsoft 365 Ecosystem and Copilot Studio.
* Implement and customize document management solutions using DITA XML and Document\\-as\\-Code principles.
* Develop secure and scalable server\\-side components for KM applications.
* Integrate AI\\-enabled tools and frameworks for intelligent search, recommendations, and automation.
* Support containerization strategies for deploying KM applications in cloud environments.
* Collaborate with cross\\-functional teams to ensure compliance, governance, and security in KM solutions.
* Participate in Agile development processes and contribute to continuous improvement initiatives.


**Mandatory Skills \\& Experience**
* 2–5 years of experience in software development.
* Proficiency in Microsoft 365 Ecosystem and Copilot integration.
* Experience with DITA XML and Document\\-as\\-Code methodologies.
* Strong server\\-side programming skills (e.g., Java, C\\#, Python).
* Knowledge of containerization concepts for application deployment.
* Experience with AI\\-enabled tools and frameworks (e.g., Azure AI Services).
* General development experience in enterprise environments.
* Excellent communication and problem\\-solving skills.


**Nice\\-to\\-Have Skills**
* Experience with Copilot Studio and conversational AI.
* Familiarity with metadata strategies and advanced document management techniques.
* Exposure to semantic search and AI\\-driven content retrieval.
* Experience integrating KM workflows with Microsoft Graph API.
* Knowledge of accessibility standards and bilingual UI considerations.
* Experience supporting regulated or public sector environments.
* Bilingual or multilingual communication skills.


**General Requirements**
* Must reside in the Greater Ottawa/Gatineau area.
* Hybrid work arrangement — onsite at least three days per week, with additional days as needed.
* Strong organizational and time management skills.
* Commitment to quality and attention to detail.
* Ability to work independently and collaboratively.
* Willingness to learn new tools and technologies.
* Eligibility for Reliability Security status; minimum five years’ residency in Canada.","Information Services, IT Services and IT Consulting, and Software Development","https://jp.linkedin.com/company/fujitsu","https://media.licdn.com/dms/image/v2/D4D0BAQHNKrGAQbM1XA/company-logo_100_100/B4DZjqnZFVHsAU-/0/1756282853333/fujitsu_logo?e=2147483647&v=beta&t=dX2LPDRpe204SDyXKmDO76lmTK2o95qqRI_uun9vj_Q","","","","","","","","","","",""
"li-4321232971","linkedin","https://www.linkedin.com/jobs/view/4321232971","","Backend Developer – Cloud Optimization","Flexera","Ottawa, Ontario, Canada","","fulltime","","","","","",True,"mid-senior level","Engineering and Information Technology","","careers@flexera.com","Flexera saves customers billions of dollars in wasted technology spend. A pioneer in Hybrid ITAM and FinOps, Flexera provides award\\-winning, data\\-oriented SaaS solutions for technology value optimization (TVO), enabling IT, finance, procurement and cloud teams to gain deep insights into cost optimization, compliance and risks for each business service. Flexera One solutions are built on a set of definitive customer, supplier and industry data, powered by our Technology Intelligence Platform, that enables organizations to visualize their Enterprise Technology Blueprint™ in hybrid environments—from on\\-premises to SaaS to containers to cloud.
   

  

 We’re transforming the software industry.  We’re Flexera.  With
 **more than 50,000 customers** 
 across the world, we’re achieving that goal. But we know we can’t do any of that without our team. Ready to help us re\\-imagine the industry during a time of substantial growth and ambitious plans?  Come and see why
 **we’re consistently recognized by Gartner, Forrester and IDC** 
 as a category leader in the marketplace. Learn more at
 **flexera.com**
 We’re looking for
 **Backend Developers** 
 to join our GCP/Azure group, contributing to our flagship products—
 **Elastigroup** 
 and
 **Ocean** 
 . This is a hands\\-on development role focused on building scalable backend systems that power our cloud optimization platform. You’ll work closely with experienced engineers and product teams to deliver impactful features and maintain high\\-performance infrastructure.
   

  

**What You’ll Be Doing**
* Design and implement new product features and backend components with a focus on scalability and reliability.
* Contribute to the development of cloud\\-native solutions on GCP and Azure.
* Write clean, maintainable code and participate in debugging and performance tuning.
* Collaborate with peers in code reviews and technical discussions to uphold engineering standards.
* Work with technologies such as MySQL, MongoDB, TigerData DB (formerly Timescale DB), Elasticsearch, Redis, RabbitMQ, and cloud services.
* Document technical decisions and contribute to team knowledge sharing.


**What We’re Looking For**
* 3–5 years of backend development experience, with proficiency in at least one modern backend language (e.g., Java, Python, Node.js, Go).
* Solid understanding of RESTful APIs, microservices, and database technologies (SQL/NoSQL).
* Experience working with cloud platforms (AWS, GCP, or Azure) and familiarity with Kubernetes and containerized environments.
* Excellent communication skills and the ability to work independently and asynchronously with remote teams across multiple time zones.
* Strong problem\\-solving skills and a proactive attitude toward learning and collaboration.
* Passion for building robust, scalable systems and writing clean, well\\-tested code.


 Flexera is proud to be an equal opportunity employer.  Qualified applicants will be considered for open roles regardless of age, ancestry, color, family or medical care leave, gender identity or expression, genetic information, marital status, medical condition, national origin, physical or mental disability, political affiliation, protected veteran status, race, religion, sex (including pregnancy), sexual orientation, or any other characteristic protected by local/national laws, policies and/or regulations.
   

  

 Flexera understands the value that results from employing a diverse, equitable, and inclusive workforce. We recognize that equity necessitates acknowledging past exclusion and that inclusion requires intentional effort. Our DEI (Diversity, Equity, and Inclusion) council is the driving force behind our commitment to championing policies and practices that foster a welcoming environment for all.
   

  

 We encourage candidates requiring accommodations to please let us know by emailing careers@flexera.com.","Software Development, Computer and Network Security, and Information Technology & Services","https://www.linkedin.com/company/flexera","https://media.licdn.com/dms/image/v2/D4E0BAQHuV9pp9rPloA/company-logo_100_100/company-logo_100_100/0/1721043087967/flexera_logo?e=2147483647&v=beta&t=XUEoo7aeqLCZoHxfXaXoDonI2ryws7J2mjUc5rPaZTU","","","","","","","","","","",""
"li-4334606434","linkedin","https://www.linkedin.com/jobs/view/4334606434","","Developer","Fujitsu","Ottawa, Ontario, Canada","","fulltime","","","","","",False,"entry level","Information Technology","","","**Job Description**
**Bilingual Developer**
**Fujitsu Canada**
 Fujitsu Canada has a full\\-time, permanent opportunity for a Knowledge Management Developer to join our innovative team supporting enterprise\\-scale Knowledge Management (KM) modernization projects. This role is ideal for a developer with experience in Microsoft 365, Copilot integration, and modern knowledge management practices.
   

  

**Top Skills**
* 2–5 years of experience in software development.
* Proficiency in Microsoft 365 Ecosystem and Copilot integration.
* Experience with DITA XML and Document\\-as\\-Code methodologies.
* Strong server\\-side programming skills (e.g., Java, C\\#, Python).
* Knowledge of containerization concepts for application deployment.
* Experience with AI\\-enabled tools and frameworks (e.g., Azure AI Services).
* General development experience in enterprise environments.
* Excellent communication and problem\\-solving skills.


**Responsibilities**
* Design, develop, test, and maintain KM solutions integrating Microsoft 365 Ecosystem and Copilot Studio.
* Implement and customize document management solutions using DITA XML and Document\\-as\\-Code principles.
* Develop secure and scalable server\\-side components for KM applications.
* Integrate AI\\-enabled tools and frameworks for intelligent search, recommendations, and automation.
* Support containerization strategies for deploying KM applications in cloud environments.
* Collaborate with cross\\-functional teams to ensure compliance, governance, and security in KM solutions.
* Participate in Agile development processes and contribute to continuous improvement initiatives.


**Mandatory Skills \\& Experience**
* 2–5 years of experience in software development.
* Proficiency in Microsoft 365 Ecosystem and Copilot integration.
* Experience with DITA XML and Document\\-as\\-Code methodologies.
* Strong server\\-side programming skills (e.g., Java, C\\#, Python).
* Knowledge of containerization concepts for application deployment.
* Experience with AI\\-enabled tools and frameworks (e.g., Azure Cognitive Services).
* General development experience in enterprise environments.
* Excellent communication and problem\\-solving skills.


 Nice\\-to\\-Have Skills
   

  

* Experience with Copilot Studio and conversational AI.
* Familiarity with metadata strategies and advanced document management techniques.
* Exposure to semantic search and AI\\-driven content retrieval.
* Experience integrating KM workflows with Microsoft Graph API.
* Knowledge of accessibility standards and bilingual UI considerations.
* Experience supporting regulated or public sector environments.


 General Requirements
   

  

* Must reside in the Gatineau area in Quebec.
* Hybrid work arrangement — onsite at least three days per week, with additional days as needed.
* Strong organizational and time management skills.
* Commitment to quality and attention to detail.
* Ability to work independently and collaboratively.
* Willingness to learn new tools and technologies.
* Eligibility for Reliability Security status; minimum five years’ residency in Canada.","Information Services, IT Services and IT Consulting, and Software Development","https://jp.linkedin.com/company/fujitsu","https://media.licdn.com/dms/image/v2/D4D0BAQHNKrGAQbM1XA/company-logo_100_100/B4DZjqnZFVHsAU-/0/1756282853333/fujitsu_logo?e=2147483647&v=beta&t=dX2LPDRpe204SDyXKmDO76lmTK2o95qqRI_uun9vj_Q","","","","","","","","","","",""
"li-4334527147","linkedin","https://www.linkedin.com/jobs/view/4334527147","https://edzt.fa.em4.oraclecloud.com/hcmUI/CandidateExperience/en/job/32279/?utm_source=linkedin&utm_medium=jobboard&urlHash=rtFD","Developer","Fujitsu","Ottawa, Ontario, Canada","","fulltime","","","","","",False,"entry level","Information Technology","","","**Job Description**
 Fujitsu Canada is seeking a full\\-time, permanent
 **Developer** 
 to support enterprise\\-scale Knowledge Management (KM) modernization projects for Employment and Social Development Canada (ESDC). This role focuses on XML/XSLT transformation, AI integration, and scalable development aligned with federal compliance and innovation standards.
   

  

**Top 3 Must Have Skills**
* Experience with XML/XSLT transformation and optimization.
* Strong Python scripting skills for automation and ETL pipelines.
* Familiarity with Git for version control and collaborative development.
* Experience with Azure DevOps and CI/CD pipeline design.
* Proficiency in developing RESTful APIs and integrating with cloud platforms.
* Understanding of semantic validation and contradiction detection in content transformation.
* Experience with SharePoint Online configuration and metadata management.
* Ability to troubleshoot transformation logic and optimize performance.


 Responsibilities
   

  

* Configure, create, and modify code and software components for KM transformation.
* Design and implement methods and procedures for small systems and subsystems of larger KM platforms.
* Develop, test, and deploy KM applications and services in cloud\\-native environments.
* Produce forms, manuals, programs, data files, and procedures for KM systems and applications.
* Collaborate with cross\\-functional teams to ensure semantic consistency and technical alignment.
* Support AI\\-enabled content transformation and metadata enrichment using Azure Cognitive Services.
* Participate in agile development cycles and DevOps workflows for continuous integration.


 Mandatory Skills
   

  

* Experience with XML/XSLT transformation and optimization.
* Strong Python scripting skills for automation and ETL pipelines.
* Familiarity with Git for version control and collaborative development.
* Experience with Azure DevOps and CI/CD pipeline design.
* Proficiency in developing RESTful APIs and integrating with cloud platforms.
* Understanding of semantic validation and contradiction detection in content transformation.
* Experience with SharePoint Online configuration and metadata management.
* Ability to troubleshoot transformation logic and optimize performance.


 Nice to Have Skills
   

  

* Experience with DITA XML and document\\-as\\-code principles.
* Familiarity with AI/ML/NLP tools such as Hugging Face Transformers, FAISS, and Azure AI.
* Exposure to semantic search, knowledge graphs, and ontology design.
* Experience with containerization and orchestration in Azure environments.
* Prior work in regulated or public sector KM modernization projects.


 General Requirements
   

  

* Must reside in the Greater Ottawa/Gatineau area.
* Hybrid work arrangement — onsite at least three days per week, with additional days as needed.
* Eligibility for Reliability Status security clearance; minimum five years’ residency in Canada.
* Strong organizational, communication, and problem\\-solving skills.
* Ability to work independently and collaboratively in a fast\\-paced environment.
* Commitment to quality, continuous learning, and emerging technologies.","Information Services, IT Services and IT Consulting, and Software Development","https://jp.linkedin.com/company/fujitsu","https://media.licdn.com/dms/image/v2/D4D0BAQHNKrGAQbM1XA/company-logo_100_100/B4DZjqnZFVHsAU-/0/1756282853333/fujitsu_logo?e=2147483647&v=beta&t=dX2LPDRpe204SDyXKmDO76lmTK2o95qqRI_uun9vj_Q","","","","","","","","","","",""
"li-4350383859","linkedin","https://www.linkedin.com/jobs/view/4350383859","","Full-stack & AI/Automation Intern/Coop","Nokia","Kanata, Ontario, Canada","","fulltime","","","","","",False,"not applicable","Other","","","**Job Description**
**Position:** 
 Full\\-stack \\& AI/Automation Intern/Coop
   

  

**Number of Positions:** 
 1
   

  

**Duration:** 
 4 months
   

  

**Date:** 
 May 11th \\- August 21st, 2026
   

  

**Location:** 
 Ottawa, ON, Canada
   

  

**Education Recommendations:**
 Currently pursuing a degree in a MSc in Computer Sciences.
   

  

**How You Will Contribute And What You Will Learn**
**As Part of the Team You Will:**
* Develop Python\\-based scripts and control software to automate optical lab equipment and experimental procedures.
* Design and implement data pipelines for real\\-time acquisition, processing, and quality control of high\\-volume optical system data.
* Research, evaluate, and integrate the latest developer\\-focused AI/ML tools (e.g., code assistants, specialized testing tools) into our existing development environment.
* Contribute to leveraging our internal Generative AI infrastructure to create bespoke tools that enhance developer productivity and workflow efficiency.
* Assist in developing scalable server\\-side logic using Django and Python, specifically focusing on data storage patterns optimized for automated and AI\\-ready data sets.
* Apply database design and management principles for efficient, high\\-performance data storage and retrieval in the cloud.
* Collaborate closely with the team to contribute to designing, developing, and maintaining responsive web applications (TypeScript, GraphQL).
* Gain hands\\-on experience with Microsoft Azure cloud services (storage, compute, functions) and understand their integration with data and automation workflows.
* Engage in a personalized learning program to acquire or deepen skills in all mentioned technologies.
* Actively participate in Test\\-Driven Development (TDD) practices, writing and executing tests to ensure code reliability and data integrity.
* Work closely with senior engineers and lab scientists, learning from their experience and translating complex requirements into robust software solutions.


**Key Skills And Experience**
**You're a Great Fit If You Have:**
* Core Programming: Basic knowledge of Python (required for automation) and TypeScript/JavaScript.
* Data \\& Automation Focus: Strong interest or familiarity with scientific computing, data logging, or hardware control (e.g., using libraries like NumPy, Pandas, Plotly).
* AI/ML Curiosity: Eagerness to learn about and apply developer\\-focused AI tools and generative models.
* Web Development Fundamentals: Familiarity with HTML, CSS, and basic principles of full\\-stack architecture.
* Version Control: Understanding version control systems, preferably Git.
* Proactive Learning: Ability to learn quickly, adapt to new technologies, and actively seek guidance when needed.
* Communication: Strong communication skills and the ability to articulate technical concepts to both engineering and scientific audiences.","IT Services and IT Consulting and Telecommunications","https://fi.linkedin.com/company/nokia","https://media.licdn.com/dms/image/v2/D4E0BAQGvo3aurmZZjQ/company-logo_100_100/B4EZqbzf6YKsAQ-/0/1763550560619/nokia_logo?e=2147483647&v=beta&t=kn-PVp_mHL7j4tit7z91bLiNaaWiWdi4AYMDvkuG0iU","","","","","","","","","","",""
"li-4310018613","linkedin","https://www.linkedin.com/jobs/view/4310018613","","RLS Photonics Software Engineer - 2026 New Grads","Ciena","Ottawa, Ontario, Canada","","fulltime","","","","","",False,"entry level","Engineering and Information Technology","","","As the global leader in high\\-speed connectivity, Ciena is committed to a people\\-first approach. Our teams enjoy a culture focused on prioritizing a flexible work environment that empowers individual growth, well\\-being, and belonging. We’re a technology company that leads with our humanity—driving our business priorities alongside meaningful social, community, and societal impact.
   

  

**How You Will Contribute**
 As a Software Engineer, you will contribute to the development of industry\\-leading photonics software for the RLS platform, pushing boundaries in optical innovation.
   

  

* You will design and develop embedded software on a next generation optical network platform
* You will participate in all stages of software development \\- requirements analysis, design, implementation, testing, and eventually maintenance support.
* You will actively take part in test driven development, automated unit testing, and comprehensive integration testing
* You will investigate and troubleshoot software and performance issues, working in collaboration with hardware, software, verification and system engineering teams
* You will influence the software architecture, to improve resiliency, debuggability and maintainability, and performance
* You will be accountable for managing individual project priorities, assignments, and timelines
* You will provide help to quality assurance and customer support teams with questions and problems reported by testers and by customers


 This role is based in
 **Ottawa** 
 .
   

  

**The Must Haves**
* Bachelor’s degree in computer/electrical/software engineering, computer science, or a related field coupled with a proven track record in software development
* Demonstrated ability to develop software with one or more of the following programming languages: C, C\\+\\+, or Python
* Familiarity with object\\-oriented design concepts, mutual exclusion, threading, synchronization, inter\\-process communication, etc.
* Excellent verbal and written communication and documentation skills
* Enthusiastic, self\\-motivated, team player, problem solver and ability to multi\\-task
* Excellent organizational skills to manage time, resources, and priorities
* Fast learner with excellent debugging skills
* Knowledge of software testing methodologies
* Familiarity with Linux development environment – GDB, Insight
* Experience with design and development tools such as Git, Jira


**Assets**
* Proven experience developing embedded software on multi\\-processor, highly concurrent systems
* Knowledge of control theory, signal processing, or optical networking
* Experience with automated test frameworks with as Google Test and Jenkins
* Knowledge of Yang modeling language and toolchains


 The annual pay range for this position is $65,500\\-104,600\\.
   

  

 Pay ranges at Ciena are designed to accommodate variations in knowledge, skills, experience, market conditions, and locations, reflecting our diverse products, industries, and lines of business. Please note that the pay range information provided in this posting pertains specifically to the primary location, which is the top location listed in case multiple locations are available.
   

  

 Non\\-Sales employees may be eligible for a discretionary incentive bonus, while Sales employees may be eligible for a sales commission. In addition to competitive compensation, Ciena offers a comprehensive benefits package, including medical, dental, and vision plans, participation in 401(K) (USA) \\& DCPP (Canada) with company matching, Employee Stock Purchase Program (ESPP), Employee Assistance Program (EAP), company\\-paid holidays, paid sick leave, and vacation time. We also comply with all applicable laws regarding Paid Family Leave and other leaves of absence.
   

  

**Not ready to apply?** 
 Join our Talent Community to get relevant job alerts straight to your inbox.
   

  

 At Ciena, we are committed to building and fostering an environment in which our employees feel respected, valued, and heard. Ciena values the diversity of its workforce and respects its employees as individuals. We do not tolerate any form of discrimination.
   

  

 Ciena is an Equal Opportunity Employer, including disability and protected veteran status.
   

  

 If contacted in relation to a job opportunity, please advise Ciena of any accommodation measures you may require.","Telecommunications","https://www.linkedin.com/company/ciena","https://media.licdn.com/dms/image/v2/D560BAQGSAQqJoMAxqg/company-logo_100_100/company-logo_100_100/0/1696872327479/ciena_logo?e=2147483647&v=beta&t=0PvtUK3Akr5UMEE_EPVaRpeEB2MpZ-LIKu_KVLCR0SI","","","","","","","","","","",""
